{"initial_reset_timestamp": 1688851917.7239013, "timestamps": [1688851924.6800346, 1688851926.927029, 1688851927.58926, 1688851928.157742, 1688851928.7651188, 1688851930.3359194, 1688851932.5878987, 1688851933.0975366, 1688851933.673001, 1688851934.1377573, 1688851935.361488, 1688851937.1437237, 1688851937.6384025, 1688851938.0562832, 1688851938.4841425, 1688851939.6998918, 1688851941.3734202, 1688851941.888075, 1688851942.2760053, 1688851942.8345165, 1688851944.4302511, 1688851946.6712615, 1688851947.261682, 1688851947.791265, 1688851948.3567538, 1688851949.9155886, 1688851951.6599247, 1688851952.2762785, 1688851953.0262735, 1688851953.5059946, 1688851955.297205, 1688851957.1582303, 1688851957.6668713, 1688851958.08974, 1688851958.4757142, 1688851960.1083465, 1688851962.3872552, 1688851963.038517, 1688851963.5840576, 1688851964.1485474, 1688851965.4141695, 1688851967.1834383, 1688851967.6102977, 1688851968.0142157, 1688851968.4729953, 1688851969.7854843, 1688851971.383211, 1688851971.8679166, 1688851972.2279558, 1688851972.6448402], "episode_lengths": [150, 214, 58, 51, 56, 150, 214, 58, 51, 56, 150, 214, 58, 51, 56, 150, 214, 58, 51, 56, 150, 214, 58, 51, 56, 150, 214, 58, 51, 56, 150, 214, 58, 51, 56, 150, 214, 58, 51, 56, 150, 214, 58, 51, 56, 150, 214, 58, 51, 56], "episode_rewards": [3.0, 7.0, 2.0, 1.0, 1.0, 3.0, 7.0, 2.0, 1.0, 1.0, 3.0, 7.0, 2.0, 1.0, 1.0, 3.0, 7.0, 2.0, 1.0, 1.0, 3.0, 7.0, 2.0, 1.0, 1.0, 3.0, 7.0, 2.0, 1.0, 1.0, 3.0, 7.0, 2.0, 1.0, 1.0, 3.0, 7.0, 2.0, 1.0, 1.0, 3.0, 7.0, 2.0, 1.0, 1.0, 3.0, 7.0, 2.0, 1.0, 1.0], "episode_types": ["t", "t", "t", "t", "t", "t", "t", "t", "t", "t", "t", "t", "t", "t", "t", "t", "t", "t", "t", "t", "t", "t", "t", "t", "t", "t", "t", "t", "t", "t", "t", "t", "t", "t", "t", "t", "t", "t", "t", "t", "t", "t", "t", "t", "t", "t", "t", "t", "t", "t"]}